product_name,category,carbon_kg_co2_per_kg
BEER IN CAN,AGRICULTURAL PROCESSED,0.693
BEER IN GLASS,AGRICULTURAL PROCESSED,0.9605
BEER MODULAR CAN,AGRICULTURAL PROCESSED,0.5306
CHOCOLATE OR CREAM FILLED COOKIES**,AGRICULTURAL PROCESSED,1.533
SIMPLE COOKIES**,AGRICULTURAL PROCESSED,1.39075
MINERAL WATER*,AGRICULTURAL PROCESSED,0.491
BREAD MULTICEREAL**,AGRICULTURAL PROCESSED,0.703
BREAD PLAIN**,AGRICULTURAL PROCESSED,0.885
BREAD WHOLE**,AGRICULTURAL PROCESSED,0.772
BREAD FROZEN (F)*,AGRICULTURAL PROCESSED,1.31
CORNFLAKES*,AGRICULTURAL PROCESSED,2.64
DARK CHOCOLATE,AGRICULTURAL PROCESSED,2.71
MILK CHOCOLATE,AGRICULTURAL PROCESSED,3.6
COFFEE GROUND,AGRICULTURAL PROCESSED,5.129285715
COFFEE PARCHMENT,AGRICULTURAL PROCESSED,8.29
COFFEE DRIP FILTERED (L),AGRICULTURAL PROCESSED,0.595
COFFEE SOLUBLE POWDER (L),AGRICULTURAL PROCESSED,0.33
ESPRESSO (L),AGRICULTURAL PROCESSED,0.55
FLAVORED CRACKERS**,AGRICULTURAL PROCESSED,0.9265
PLAIN CRACKERS**,AGRICULTURAL PROCESSED,1.34825
WHOLEGRAIN CRACKERS**,AGRICULTURAL PROCESSED,0.9725
CRISPBREAD**,AGRICULTURAL PROCESSED,1.348
KETCHUP,AGRICULTURAL PROCESSED,1.464
MAYONNAISE,AGRICULTURAL PROCESSED,2.04
TEMPE',AGRICULTURAL PROCESSED,1.1
EGG PASTA*,AGRICULTURAL PROCESSED,3.1511
RASPBERRIES (F)*,AGRICULTURAL PROCESSED,1.175
APPLE JUICE (I),AGRICULTURAL PROCESSED,2.84
BLUEBERRY JUICE (I),AGRICULTURAL PROCESSED,3.0
CRANBERRY JUICE (I),AGRICULTURAL PROCESSED,2.88
FIG JUICE (I),AGRICULTURAL PROCESSED,3.2
KIWI JUICE (I),AGRICULTURAL PROCESSED,2.84
MANGO JUICE (I),AGRICULTURAL PROCESSED,2.96
PINEAPPLE JUICE (I),AGRICULTURAL PROCESSED,2.78
STRAWBERRY JUICE (I),AGRICULTURAL PROCESSED,2.68
ORANGE JUICE,AGRICULTURAL PROCESSED,0.461
PEAR JUICE,AGRICULTURAL PROCESSED,0.49045
BUCKWHEAT FLOUR,AGRICULTURAL PROCESSED,1.96
DURUM WHEAT,AGRICULTURAL PROCESSED,0.46712
GRAHAM FLOUR,AGRICULTURAL PROCESSED,0.47
MAIZE FLOUR,AGRICULTURAL PROCESSED,1.31
MILLET FLOUR,AGRICULTURAL PROCESSED,1.37
OAT MEAL,AGRICULTURAL PROCESSED,0.87
SORGHUM FLOUR,AGRICULTURAL PROCESSED,1.33
WHEAT PLAIN FLOUR,AGRICULTURAL PROCESSED,0.52
WHOLE WHEAT FLOUR,AGRICULTURAL PROCESSED,0.3647164179
CHOCOLATE,AGRICULTURAL PROCESSED,6.6
ICE CREAM,AGRICULTURAL PROCESSED,1.02
VANILLA,AGRICULTURAL PROCESSED,4.3
AZUKI BEAN FLOUR,AGRICULTURAL PROCESSED,1.32
MUNG BEAN FLOUR,AGRICULTURAL PROCESSED,1.49
SOY MEAL,AGRICULTURAL PROCESSED,0.62
BEANS IN CAN,AGRICULTURAL PROCESSED,0.109
GREEN BEANS IN CAN,AGRICULTURAL PROCESSED,1.45
BEANS (F),AGRICULTURAL PROCESSED,1.77
GREEN BEANS (F),AGRICULTURAL PROCESSED,2.741769912
MARGARINE*,AGRICULTURAL PROCESSED,1.39
ALMOND COVERED WITH CHOCOLATE,AGRICULTURAL PROCESSED,4.8
HAZELNUT COVERED WITH CHOCOLATE,AGRICULTURAL PROCESSED,3.43
ALMOND PASTE,AGRICULTURAL PROCESSED,2.98
HAZELNUT CREAM,AGRICULTURAL PROCESSED,2.71
HAZELNUT PASTE,AGRICULTURAL PROCESSED,1.685
PEANUT BUTTER,AGRICULTURAL PROCESSED,1.15
PEANUT PASTE,AGRICULTURAL PROCESSED,1.84
OLIVE OIL,AGRICULTURAL PROCESSED,3.265
PALM OIL,AGRICULTURAL PROCESSED,2.432
PEANUT OIL,AGRICULTURAL PROCESSED,2.8975
RAPESEED OIL,AGRICULTURAL PROCESSED,1.78604
SOYBEAN OIL,AGRICULTURAL PROCESSED,1.787
SUNFLOWER OIL,AGRICULTURAL PROCESSED,0.9846
PASTA*,AGRICULTURAL PROCESSED,1.2055
PESTO,AGRICULTURAL PROCESSED,2.713
PESTO WITHOUT GARLIC,AGRICULTURAL PROCESSED,2.717
BEET SUGAR,AGRICULTURAL PROCESSED,0.94
CANE SUGAR,AGRICULTURAL PROCESSED,0.62367
CAKES AND CROISSANT**,AGRICULTURAL PROCESSED,2.139
COCOA CAKES AND CROISSANT**,AGRICULTURAL PROCESSED,1.9365
TOMATO CHOPPED,AGRICULTURAL PROCESSED,1.47275
TOMATO PEELED,AGRICULTURAL PROCESSED,1.2989
TOMATO PUREE,AGRICULTURAL PROCESSED,1.0311
TOMATO & BASIL,AGRICULTURAL PROCESSED,1.1415
TOMATO ARRABBIATA,AGRICULTURAL PROCESSED,1.244
CARROTS CANNED,AGRICULTURAL PROCESSED,1.6
CORN CANNED,AGRICULTURAL PROCESSED,1.355
CARROTS (F),AGRICULTURAL PROCESSED,0.267
ZUCCHINI (F),AGRICULTURAL PROCESSED,1.35
SOY CREAM*,AGRICULTURAL PROCESSED,1.62
ALMOND MILK,AGRICULTURAL PROCESSED,0.4179027998
COCONUT MILK,AGRICULTURAL PROCESSED,0.4126201796
RICE MILK,AGRICULTURAL PROCESSED,0.6602
SOY MILK,AGRICULTURAL PROCESSED,0.78
QUORNE,AGRICULTURAL PROCESSED,2.5
SOY BURGER,AGRICULTURAL PROCESSED,1.48
TOFU,AGRICULTURAL PROCESSED,2.27
SOY YOGURT*,AGRICULTURAL PROCESSED,1.36
WINE RED,AGRICULTURAL PROCESSED,0.873
WINE WHITE,AGRICULTURAL PROCESSED,0.4444
YEAST COMPRESSED*,AGRICULTURAL PROCESSED,0.824
YEAST DRIED*,AGRICULTURAL PROCESSED,3.294
YEAST LIQUID*,AGRICULTURAL PROCESSED,0.503
BEEF BONE FREE MEAT*,ANIMAL HUSBANDRY,25.751
BEEF MEAT WITH BONE*,ANIMAL HUSBANDRY,17.9582
BUFFALO BONE FREE MEAT*,ANIMAL HUSBANDRY,78.80017544
BUTTER*,ANIMAL HUSBANDRY,8.48
CREAM,ANIMAL HUSBANDRY,5.45
MASCARPONE,ANIMAL HUSBANDRY,5.7
MOZZARELLA,ANIMAL HUSBANDRY,8.2
RICOTTA,ANIMAL HUSBANDRY,3.4
STRACCHINO,ANIMAL HUSBANDRY,4.92
ASIAGO,ANIMAL HUSBANDRY,10.24
CAMEMBERT,ANIMAL HUSBANDRY,7.55
CEDDAR,ANIMAL HUSBANDRY,11.207
CHEESE,ANIMAL HUSBANDRY,8.933333333
CHEESE SEMI-HARD,ANIMAL HUSBANDRY,8.647
EMMENTAL,ANIMAL HUSBANDRY,8.2
GOAT CHEESE,ANIMAL HUSBANDRY,8.35
GRANA PADANO,ANIMAL HUSBANDRY,15.34
PARMIGIANO REGGIANO,ANIMAL HUSBANDRY,12.54
PECORINO,ANIMAL HUSBANDRY,17.15
MEALWORMS*,ANIMAL HUSBANDRY,2.84
EGGS*,ANIMAL HUSBANDRY,3.2
HONEY*,ANIMAL HUSBANDRY,1.7425
KANGAROO MEAT*,ANIMAL HUSBANDRY,4.1
LAMB BONE FREE MEAT*,ANIMAL HUSBANDRY,25.23255814
LAMB MEAT WITH BONE*,ANIMAL HUSBANDRY,16.70108837
BUFFALO MILK,ANIMAL HUSBANDRY,3.57
COW MILK,ANIMAL HUSBANDRY,1.305
GOAT MILK,ANIMAL HUSBANDRY,1.437
PORK BONE FREE MEAT*,ANIMAL HUSBANDRY,5.716744186
BACON,ANIMAL HUSBANDRY,4.025
NECK,ANIMAL HUSBANDRY,4.025
PORK HAM,ANIMAL HUSBANDRY,7.945
PORK SAUSAGES,ANIMAL HUSBANDRY,17.94
PORK MEAT WITH BONE*,ANIMAL HUSBANDRY,3.444
CHICKEN BONE FREE MEAT,ANIMAL HUSBANDRY,3.676746753
EMU BONE FREE MEAT,ANIMAL HUSBANDRY,1.5
DUCK MEAT BONE FREE*,ANIMAL HUSBANDRY,4.1
TURKEY MEAT BONE FREE,ANIMAL HUSBANDRY,4.084444445
CHICKEN MEAT WITH BONE,ANIMAL HUSBANDRY,2.8221
DUCK MEAT WITH BONE*,ANIMAL HUSBANDRY,2.07
TURKEY MEAT WITH BONE,ANIMAL HUSBANDRY,2.13
RABBIT MEAT WITH BONE*,ANIMAL HUSBANDRY,4.305
SNAILS*,ANIMAL HUSBANDRY,0.73
YOGURT FLAVOURED**,ANIMAL HUSBANDRY,2.8532
YOGURT LACTOSE FREE,ANIMAL HUSBANDRY,3.47
YOGURT WHITE,ANIMAL HUSBANDRY,1.69
COFFEE GREEN*,CROPS,0.486
DATE,CROPS,0.6
RAISIN,CROPS,0.81
EXOTIC FRUIT (G),CROPS,2.43
RASPBERRY (G),CROPS,7.35
STRAWBERRY (G),CROPS,2.884587629
AVOCADO (I),CROPS,1.09
BANANA (I),CROPS,0.8175
COCONUT (I),CROPS,1.78
EXOTIC FRUIT (I),CROPS,2.43
PINEAPPLE (I),CROPS,0.5454545455
POMEGRANATE (I),CROPS,1.165384615
STRAWBERRY (I),CROPS,0.837
MELON (g)*,CROPS,1.4285
CLEMENTINE,CROPS,0.409
LEMON,CROPS,0.22
LIME,CROPS,0.22
MANDARIN,CROPS,0.446
ORANGE,CROPS,0.3
POMELO,CROPS,0.51
TANGERIN,CROPS,0.384545
APPLE,CROPS,0.2539
APRICOT,CROPS,0.296
AVOCADO,CROPS,0.5405
BANANA,CROPS,0.34
CARROB,CROPS,1.1035
CHERRY,CROPS,0.458
FIG,CROPS,0.258
GRAPES,CROPS,0.31
GUAVA,CROPS,0.279
KIWI,CROPS,0.4944
MANGO,CROPS,0.309
MELON,CROPS,0.612545
PEACH,CROPS,0.385
PEAR,CROPS,0.274
PINEAPPLE,CROPS,0.28
PLUM,CROPS,0.258
POMEGRANATE,CROPS,0.32
ROCKMELON,CROPS,0.39
WATERMELON,CROPS,0.52
OLIVES,CROPS,0.636
BLACKBERRY,CROPS,0.421
BLUEBERRY,CROPS,0.775
CRANBERRY,CROPS,0.87
CURRANT,CROPS,0.6385
GOOSEBERRY,CROPS,0.84
RASPBERRY,CROPS,0.632
STRAWBERRY,CROPS,0.61
BARLEY,CROPS,0.48
MAIZE,CROPS,0.48
MILLET,CROPS,0.855
OAT,CROPS,0.67
QUINOA,CROPS,0.974
RYE,CROPS,0.38
SORGHUM,CROPS,0.88
WHEAT,CROPS,0.5715
BEAN,CROPS,0.433
CHICKPEA,CROPS,0.77
COWPEA,CROPS,0.485
GREEN BEAN (fresh),CROPS,0.515
LENTIL,CROPS,1.03
PEA,CROPS,0.446
SOYBEAN,CROPS,0.5602
GREEN BEAN (fresh) (g)*,CROPS,0.2755
MUSHROOM*,CROPS,2.062835052
ALMOND,CROPS,1.88
CASHEW NUT,CROPS,1.382
CHESTNUT,CROPS,0.44
HAZELNUT,CROPS,1.112
MIXED NUTS,CROPS,0.47
PALM NUT,CROPS,0.8
PEANUT,CROPS,0.8305
PISTACHIO,CROPS,1.6
WALNUT,CROPS,2.06
RICE*,CROPS,2.188780487804878
RAPE SEED,CROPS,0.782
SESAM SEED,CROPS,0.88
SUNFLOWER SEED,CROPS,1.1595
CHILLY,CROPS,0.8
GINGER,CROPS,0.88
POTATO,CROPS,0.24
STARCHY ROOTS,CROPS,0.29
SWEET POTATO,CROPS,0.27
CUCUMBER (G),CROPS,2.54609375
GERKIN (G),CROPS,2.115
LETTUCE (G),CROPS,2.67
PEPPER (G),CROPS,3.725
TOMATO (G),CROPS,2.425
CUCUMBER (g),CROPS,0.32
EGGPLANT (g),CROPS,2.9
PEPPER (g),CROPS,1.175
TOMATO (g),CROPS,0.90855
ZUCCHINI (g),CROPS,1.7714
ASPARAGUS,CROPS,0.83
CABAGGE,CROPS,0.234
LETTUCE,CROPS,0.41
SPINACH,CROPS,0.338
BEETROOT,CROPS,0.245
CARROT,CROPS,0.235
GARLIC,CROPS,0.708
ONION,CROPS,0.2223
RADISH,CROPS,0.15379
SWEDE,CROPS,0.29
TURNIP,CROPS,0.35
ARTICHOKE,CROPS,0.33
BROCCOLI,CROPS,0.57
CAULIFLOWER,CROPS,0.3075
CELERY,CROPS,0.32
CUCUMBER,CROPS,0.27
EGGPLANT,CROPS,0.191
FENNEL,CROPS,0.48
GERKIN,CROPS,0.21
PEPPER,CROPS,0.6535
PUMPKIN,CROPS,0.2362540984
TOMATO,CROPS,0.4541
VEGETABLES,CROPS,0.535
ZUCCHINI,CROPS,0.7
ALFONSINO,FISHING,3.49
ANCHOVY,FISHING,0.82065
ANGLERFISH,FISHING,12.2922
CARP,FISHING,1.762
CATFISH,FISHING,8.93
COD,FISHING,3.08
DIAMOND FISH,FISHING,6.017
EEL,FISHING,3.88
FISH MIXED,FISHING,4.988
FLATFISH,FISHING,6.406
FLATHEAD,FISHING,2.56
FORK BEARD,FISHING,8.0086
HADDOCK,FISHING,3.1
HAKE,FISHING,10.4006
HERRING,FISHING,1.242
LING,FISHING,6.4486
MACKEREL,FISHING,1.8
MEGRIM,FISHING,14.1544
PILCHARD,FISHING,1.0968
PLAICE,FISHING,6.13
POLLOCK,FISHING,1.4
POMFRET,FISHING,6.6286
PORBEAGLE,FISHING,11.436
RHOMBUS,FISHING,8.41
ROCK FISH,FISHING,6.94
SALMON,FISHING,3.3734
SARDINE,FISHING,0.9
SEA-BASS,FISHING,3.6
SHARK,FISHING,11.436
SOLE,FISHING,5.4
SWARDFISH,FISHING,12.838
TROUT,FISHING,4.2
TUNA,FISHING,3.675625
TURBOT,FISHING,14.5136
WHITING,FISHING,2.6632
COD (F),FISHING,3.025
FISH STICK (F),FISHING,2.260802469
HADDOCK (F),FISHING,3.72
HERRING (F),FISHING,1.295
MACKEREL (F),FISHING,0.99
MIXED FISH (F),FISHING,1.04
POLLOCK (F),FISHING,0.895
POLLOCK STICK (F),FISHING,2.14
SALMON (F),FISHING,1.61
SOLE (F),FISHING,14.278
TROUT (F),FISHING,4.375
TUNA (F),FISHING,2.64
COD FISH STICK,FISHING,2.14
HAKE FISH STICK,FISHING,2.14
MAKEREL FISH STICK,FISHING,1.01654321
TUNA IN CAN,FISHING,2.1
BARNACLE,FISHING,2.295
KRILL,FISHING,5.54
LOBSTER,FISHING,20.25
MUSSELS,FISHING,0.4649
CUTTLEFISH,FISHING,5.05
OCTOPUS,FISHING,5.8
SQUID,FISHING,6.91
PRAWNS/SHRIMPS,FISHING,7.04
OCTOPUS (F),FISHING,7.878611111
PRAWNS/SHRIMPS (F),FISHING,15.065
